index	dispatch	issue	execute	cdb
1	1	2	3	8
2	2	3	4	9
3	3	4	10	15
4	4	5	6	11
5	5	6	12	17
6	6	8	9	14
7	7	9	18	23
8	8	11	24	29
9	9	14	30	0
10	10	15	16	21
11	11	17	18	24
12	12	21	22	27
13	13	23	30	35
14	14	0	0	0
15	15	25	26	31
16	16	27	32	0
17	17	0	0	0
18	18	29	35	40
19	19	31	41	0
20	20	35	36	41
21	21	36	41	0
22	22	0	0	0
23	23	38	46	51
24	24	0	0	0
25	25	40	41	46
26	26	0	0	0
27	27	42	46	52
28	28	46	53	0
29	29	47	48	53
30	30	48	53	0
31	31	51	53	0
32	32	0	0	0
33	33	53	58	63
34	34	54	58	64
35	35	0	0	0
36	36	58	59	65
37	37	59	65	70
38	38	60	63	68
39	39	0	0	0
40	40	63	64	69
41	41	64	70	75
42	42	65	71	76
43	43	68	77	82
44	46	69	83	88
45	47	70	89	94
46	48	75	76	81
47	51	76	77	83
48	52	81	82	87
49	53	82	83	89
50	54	83	87	92
51	55	87	93	98
52	58	88	99	104
53	59	0	0	0
54	60	90	95	100
55	61	92	101	106
56	63	94	101	107
57	64	98	108	113
58	65	100	115	120
59	68	0	0	0
60	69	104	105	110
61	70	106	107	112
62	75	107	110	115
63	76	110	112	117
64	81	112	113	118
65	82	113	119	124
66	83	115	125	130
67	87	0	0	0
68	88	117	118	123
69	89	118	124	129
70	90	120	124	131
71	92	123	132	137
72	94	124	140	145
73	98	0	0	0
74	100	129	130	135
75	101	130	131	136
76	104	131	135	140
77	106	135	136	141
78	107	136	137	142
79	110	137	143	148
80	112	140	149	154
81	113	0	0	0
82	115	142	143	149
83	116	143	150	155
84	117	145	150	156
85	118	148	157	162
86	120	149	163	168
87	123	0	0	0
88	124	154	155	160
89	125	155	156	161
90	129	0	0	0
91	130	0	0	0
92	131	158	160	165
93	135	160	161	166
94	136	0	0	0
95	137	0	0	0
96	140	163	165	170
97	141	164	166	171
98	142	0	0	0
99	143	166	168	173
100	145	0	0	0
101	148	0	0	0
102	149	169	172	177
103	150	170	178	183
104	154	0	0	0
105	155	172	173	178
106	156	0	0	0
107	157	174	175	180
108	158	175	179	184
109	160	177	184	189
110	161	0	0	0
111	162	179	184	190
112	163	0	0	0
113	164	0	0	0
114	165	182	184	191
115	166	183	192	197
116	167	0	0	0
117	168	185	189	194
118	169	189	195	200
119	170	190	191	196
120	171	191	197	202
121	172	194	203	208
122	173	196	209	214
123	174	197	198	203
124	175	200	201	206
125	177	202	203	209
126	178	203	206	211
127	179	206	208	213
128	180	208	214	219
129	181	209	220	225
130	182	0	0	0
131	183	211	215	220
132	184	213	221	226
133	185	214	221	227
134	189	219	228	233
135	190	220	236	241
136	191	0	0	0
137	194	225	226	231
138	196	226	227	232
139	197	227	231	236
140	200	231	232	237
141	202	232	233	238
142	203	233	239	244
143	206	236	245	250
144	208	0	0	0
145	209	238	239	245
146	210	239	246	251
147	211	241	246	252
148	213	244	253	258
149	214	245	261	266
150	219	0	0	0
151	220	250	251	256
152	221	251	252	257
153	225	252	256	261
154	226	256	257	262
155	227	257	258	263
156	231	258	264	269
157	232	261	270	275
158	233	0	0	0
159	236	263	264	270
160	237	264	271	276
161	238	266	271	277
162	239	269	278	283
163	241	270	286	291
164	244	0	0	0
165	245	275	276	281
166	246	276	277	282
167	250	277	281	286
168	251	281	282	287
169	252	282	283	288
170	256	283	289	294
171	257	286	295	300
172	258	0	0	0
173	261	288	289	295
174	262	289	296	301
175	263	291	296	302
176	264	294	303	308
177	266	295	311	316
178	269	0	0	0
179	270	300	301	306
180	271	301	302	307
181	275	302	306	311
182	276	306	307	312
183	277	307	308	313
184	281	308	314	319
185	282	311	320	325
186	283	0	0	0
187	286	313	314	320
188	287	314	316	321
189	288	0	0	0
190	289	0	0	0
191	291	317	319	324
192	294	319	321	326
193	295	0	0	0
194	296	0	0	0
195	300	322	324	329
196	301	323	325	330
197	302	0	0	0
198	306	0	0	0
199	307	326	327	332
200	308	327	329	334
